{
    "pred_distribution": {
        "Likely to Change": 24.93,
        "Unlikely to Change": 75.07
    },
    "feature_importances": {
        "city": 12.778427898313671,
        "company_size": 12.694031540207947,
        "experience": 10.553802082947913,
        "city_development_index": 10.084311655018332,
        "last_new_job": 9.483183326733014,
        "training_hours": 8.904598748760005,
        "company_type": 8.888123428826717,
        "education_level": 7.977476698766189,
        "enrolled_university": 5.714343125569897,
        "major_discipline": 5.459458823761261,
        "gender": 4.729565893829693,
        "relevent_experience": 2.7326767772652474
    },
    "experience_labels": [
        "1",
        "10",
        "11",
        "12",
        "13",
        "14",
        "15",
        "16",
        "17",
        "18",
        "19",
        "2",
        "20",
        "3",
        "4",
        "5",
        "6",
        "7",
        "8",
        "9",
        "<1",
        ">20",
        "Unknown"
    ],
    "experience_values": [
        42.44,
        21.02,
        22.74,
        18.62,
        19.3,
        18.26,
        16.62,
        14.17,
        16.67,
        15.36,
        17.43,
        33.19,
        22.3,
        35.3,
        32.57,
        28.81,
        28.21,
        29.47,
        24.31,
        21.73,
        45.4,
        15.31,
        35.38
    ],
    "education_labels": [
        "Graduate",
        "High School",
        "Masters",
        "Phd",
        "Primary School",
        "Unknown"
    ],
    "education_values": [
        27.98,
        19.53,
        21.44,
        14.01,
        13.31,
        22.61
    ]
}